Feature,Importance
gender,0.007354936242315972
umur,0.16181700818095987
hipertensi,0.0011437078661229129
penyakit_jantung,0.0005869458568473718
riwayat_merokok,0.01927494339241937
bmi,0.07321974957587904
hba1c,0.42562989499914183
gula_darah,0.3109728138863136
